<?xml version="1.0" encoding="UTF-8"?>

<mule xmlns:cluster="http://www.mulesoft.org/schema/mule/ee/cluster" xmlns:dw="http://www.mulesoft.org/schema/mule/ee/dw" xmlns:ws="http://www.mulesoft.org/schema/mule/ws" xmlns:json="http://www.mulesoft.org/schema/mule/json" xmlns:http="http://www.mulesoft.org/schema/mule/http" xmlns="http://www.mulesoft.org/schema/mule/core" xmlns:doc="http://www.mulesoft.org/schema/mule/documentation"
	xmlns:spring="http://www.springframework.org/schema/beans" 
	xmlns:xsi="http://www.w3.org/2001/XMLSchema-instance"
	xsi:schemaLocation="http://www.springframework.org/schema/beans http://www.springframework.org/schema/beans/spring-beans-current.xsd
http://www.mulesoft.org/schema/mule/core http://www.mulesoft.org/schema/mule/core/current/mule.xsd
http://www.mulesoft.org/schema/mule/http http://www.mulesoft.org/schema/mule/http/current/mule-http.xsd
http://www.mulesoft.org/schema/mule/ws http://www.mulesoft.org/schema/mule/ws/current/mule-ws.xsd
http://www.mulesoft.org/schema/mule/json http://www.mulesoft.org/schema/mule/json/current/mule-json.xsd
http://www.mulesoft.org/schema/mule/ee/dw http://www.mulesoft.org/schema/mule/ee/dw/current/dw.xsd">
	<http:listener-config name="HTTP_Listener_Configuration" host="0.0.0.0" port="8081" doc:name="HTTP Listener Configuration"/>
	<ws:consumer-config name="Web_Service_Consumer" wsdlLocation="http://mu.mulesoft-training.com/essentials/delta?wsdl" service="TicketServiceService" port="TicketServicePort" serviceAddress="http://mu.mulesoft-training.com/essentials/delta" doc:name="Web Service Consumer"/>
	<configuration defaultExceptionStrategy-ref="globalChoice_Exception_Strategy" doc:name="Configuration">
		<http:config useTransportForUris="false"/>
	</configuration>
	<flow name="newFlow">
		<http:listener config-ref="HTTP_Listener_Configuration" path="/catch" doc:name="HTTP"/>
		<logger message="flow started........ logger1" level="INFO" doc:name="Logger"/>
		<set-variable variableName="destination" value="#[message.inboundProperties.'http.query.params'.destination]" doc:name="Variable"/>
		<dw:transform-message doc:name="Transform Message">
			<dw:set-payload><![CDATA[%dw 1.0
%output application/xml
%namespace ns0 http://soap.training.mulesoft.com/
---
{
	ns0#findFlight: {
		destination: flowVars.destination as :string
	}
}]]></dw:set-payload>
		</dw:transform-message>
		<ws:consumer config-ref="Web_Service_Consumer" operation="findFlight" doc:name="Web Service Consumer"/>
		<json:xml-to-json-transformer doc:name="XML to JSON"/>
		<exception-strategy ref="choiceChoice_Exception_Strategy" doc:name="Reference Exception Strategy"/>
	</flow>
	<choice-exception-strategy name="choiceChoice_Exception_Strategy"/>
</mule>
